Designator,Footprint,Quantity,Value,LCSC Part #
C1,CP_Radial_D8.0mm_P2.50mm,1,470u,
"C10, C5, C7, C8",C_Disc_D4.3mm_W1.9mm_P5.00mm,4,103,
"C11, C15",C_Disc_D4.3mm_W1.9mm_P5.00mm,2,105,
C12,C_Disc_D4.3mm_W1.9mm_P5.00mm,1,473,
C13,C_Disc_D4.3mm_W1.9mm_P5.00mm,1,106,
"C14, C20, C9",C_Disc_D4.3mm_W1.9mm_P5.00mm,3,101,
C16,C_Disc_D4.3mm_W1.9mm_P5.00mm,1,331,
"C17, C18, C6",C_Disc_D4.3mm_W1.9mm_P5.00mm,3,c,
C19,C_Disc_D4.3mm_W1.9mm_P5.00mm,1,821,
"C2, C21",C_Disc_D4.3mm_W1.9mm_P5.00mm,2,104,
C22,C_Disc_D4.3mm_W1.9mm_P5.00mm,1,471,
C3,C_Disc_D4.3mm_W1.9mm_P5.00mm,1,68,
C4,CP_Radial_D5.0mm_P2.50mm,1,10u,
IC1,DIP-16_W7.62mm_Socket,1,TA2003PG,
J1,BarrelJack_Horizontal,1,DC Jack,
J2,PinHeader_1x03_P2.54mm_Vertical,1,Conn_01x03_Female,
J3,SMA_Amphenol_132203-12_Horizontal,1,Conn_Coaxial,
L1,L_Radial_D7.5mm_P3.50mm_Fastron_07P,1,22u,
"L2, L3",L_Toroid_Vertical_L10.0mm_W5.0mm_P5.08mm,2,T37-2 17T,
"Q1, Q2",TO-92_HandSolder,2,2N4401,
Q3,TO-220-3_Horizontal_TabUp,1,BD139,
Q4,TO-92_HandSolder,1,INKA114AS1,
R1,R_Axial_DIN0207_L6.3mm_D2.5mm_P7.62mm_Horizontal,1,4k7,
"R10, R3",R_Axial_DIN0207_L6.3mm_D2.5mm_P2.54mm_Vertical,2,10k,
R11,R_Axial_DIN0207_L6.3mm_D2.5mm_P2.54mm_Vertical,1,47,
R2,R_Axial_DIN0207_L6.3mm_D2.5mm_P2.54mm_Vertical,1,4k7,
"R4, R5, R7",R_Axial_DIN0207_L6.3mm_D2.5mm_P2.54mm_Vertical,3,100,
R6,R_Axial_DIN0207_L6.3mm_D2.5mm_P2.54mm_Vertical,1,3.3,
R8,R_Axial_DIN0207_L6.3mm_D2.5mm_P2.54mm_Vertical,1,22,
R9,R_Axial_DIN0207_L6.3mm_D2.5mm_P2.54mm_Vertical,1,470,
SW1,SW_PUSH_6mm_H4.3mm,1,SW_Push,
"T1, T2",DIY7,2,DIY7,
U1,DIP-8_W7.62mm_Socket,1,Si5351-Aki,
U2,Seeduino XIAO THD,1,XIAO_RP2040,
Y1,LTMxW,1,LTM455IW,
